Pick,Player Name,Team,Pos
1,Christian McCaffrey,SF,RB
2,Tyreek Hill,MIA,WR
3,CeeDee Lamb,DAL,WR
4,Breece Hall,NYJ,RB
5,Bijan Robinson,ATL,RB
6,Ja'Marr Chase,CIN,WR
7,Justin Jefferson,MIN,WR
8,Amon-Ra St. Brown,DET,WR
9,A.J. Brown,PHI,WR
10,Saquon Barkley,PHI,RB
11,Jahmyr Gibbs,DET,RB
12,Derrick Henry,BAL,RB
13,Marvin Harrison Jr.,ARI,WR
14,Davante Adams,LV,WR
15,Travis Kelce,KC,TE
16,Josh Allen,BUF,QB
17,Patrick Mahomes II,KC,QB
18,Josh Jacobs,GB,RB
19,Deebo Samuel Sr.,SF,WR
20,Brandon Aiyuk,SF,WR
21,Jalen Hurts,PHI,QB
22,Cooper Kupp,LAR,WR
23,Lamar Jackson,BAL,QB
24,Joe Mixon,HOU,RB
25,Jonathan Taylor,IND,RB
26,Rachaad White,TB,RB
27,DK Metcalf,SEA,WR
28,DJ Moore,CHI,WR
29,Jaylen Waddle,MIA,WR
30,Isiah Pacheco,KC,RB
31,James Cook,BUF,RB
32,C.J. Stroud,HOU,QB
33,Michael Pittman Jr.,IND,WR
34,Anthony Richardson,IND,QB
35,Stefon Diggs,HOU,WR
36,Trey McBride,ARI,TE
37,Mark Andrews,BAL,TE
38,DeVonta Smith,PHI,WR
39,Alvin Kamara,NO,RB
40,David Montgomery,DET,RB
41,George Kittle,SF,TE
42,Drake London,ATL,WR
43,Amari Cooper,CLE,WR
44,Aaron Jones,MIN,RB
45,Kenneth Walker III,SEA,RB
46,Mike Evans,TB,WR
47,Joe Burrow,CIN,QB
48,James Conner,ARI,RB
49,Malik Nabers,NYG,WR
50,Kyle Pitts,ATL,TE
51,Rhamondre Stevenson,NE,RB
52,Tee Higgins,CIN,WR
53,Dak Prescott,DAL,QB
54,George Pickens,PIT,WR
55,Zay Flowers,BAL,WR
56,Najee Harris,PIT,RB
57,Zamir White,LV,RB
58,Evan Engram,JAC,TE
59,Jordan Love,GB,QB
60,D'Andre Swift,CHI,RB
61,Terry McLaurin,WAS,WR
62,Jake Ferguson,DAL,TE
63,Travis Etienne Jr.,JAC,RB
64,Christian Kirk,JAC,WR
65,Keenan Allen,CHI,WR
66,Chris Godwin,TB,WR
67,Tony Pollard,TEN,RB
68,David Njoku,CLE,TE
69,Diontae Johnson,CAR,WR
70,Jaylen Warren,PIT,RB
71,Devin Singletary,NYG,RB
72,Zack Moss,CIN,RB
73,Nick Chubb,CLE,RB
74,Hollywood Brown,KC,WR
75,San Francisco 49ers,DST,DST
76,Rome Odunze,CHI,WR
77,Jayden Daniels,WAS,QB
78,Javonte Williams,DEN,RB
79,Jared Goff,DET,QB
80,Raheem Mostert,MIA,RB
81,Baltimore Ravens,DST,DST
82,Tyjae Spears,TEN,RB
83,Austin Ekeler,WAS,RB
84,Justin Tucker,BAL,K
85,Brian Robinson Jr.,WAS,RB
86,Dallas Goedert,PHI,TE
87,New York Jets,DST,DST
88,Sam LaPorta,DET,TE
89,Caleb Williams,CHI,QB
90,Xavier Worthy,KC,WR
91,Brock Bowers,LV,TE
92,Dallas Cowboys,DST,DST
93,Christian Watson,GB,WR
94,De'Von Achane,MIA,RB
95,Brandon Aubrey,DAL,K
96,Jonathon Brooks,CAR,RB
97,Jordan Addison,MIN,WR
98,Harrison Butker,KC,K
99,DeAndre Hopkins,TEN,WR
100,Ezekiel Elliott,DAL,RB
101,Brock Purdy,SF,QB
102,Jaxon Smith-Njigba,SEA,WR
103,Chase Brown,CIN,RB
104,Cleveland Browns,DST,DST
105,Trey Benson,ARI,RB
106,Courtland Sutton,DEN,WR
107,Kansas City Chiefs,DST,DST
108,Russell Wilson,PIT,QB
109,Dalton Schultz,HOU,TE
110,Ladd McConkey,LAC,WR
111,Jerome Ford,CLE,RB
112,Dalton Kincaid,BUF,TE
113,Nico Collins,HOU,WR
114,Bo Nix,DEN,QB
115,Gus Edwards,LAC,RB
116,Jake Elliott,PHI,K
117,Garrett Wilson,NYJ,WR
118,Jayden Reed,GB,WR
119,Trevor Lawrence,JAC,QB
120,Pittsburgh Steelers,DST,DST
121,Brian Thomas Jr.,JAC,WR
122,Rashee Rice,KC,WR
123,Jonnu Smith,MIA,TE
124,Jake Moody,SF,K
125,Jason Sanders,MIA,K
126,AJ Dillon,GB,RB
127,Keon Coleman,BUF,WR
128,Ka'imi Fairbairn,HOU,K
129,Jameson Williams,DET,WR
130,Justin Herbert,LAC,QB
131,Tua Tagovailoa,MIA,QB
132,Aaron Rodgers,NYJ,QB
133,Dawson Knox,BUF,TE
134,Justin Fields,PIT,QB
135,Miami Dolphins,DST,DST
136,Buffalo Bills,DST,DST
137,Blake Corum,LAR,RB
138,Evan McPherson,CIN,K
139,Tyler Bass,BUF,K
140,T.J. Hockenson,MIN,TE
141,Chris Boswell,PIT,K
142,Calvin Ridley,TEN,WR
143,Younghoe Koo,ATL,K
144,Kirk Cousins,ATL,QB
145,Dameon Pierce,HOU,RB
146,Baker Mayfield,TB,QB
147,Tyler Lockett,SEA,WR
148,Will Levis,TEN,QB
149,Pat Freiermuth,PIT,TE
150,Isaiah Likely,BAL,TE
151,Curtis Samuel,BUF,WR
152,Khalil Shakir,BUF,WR
153,Adam Thielen,CAR,WR
154,Dontayvion Wicks,GB,WR
155,Tank Dell,HOU,WR
156,Matthew Stafford,LAR,QB
157,Cole Kmet,CHI,TE
158,Brandin Cooks,DAL,WR
159,Rashid Shaheed,NO,WR
160,Rico Dowdle,DAL,RB
161,Jahan Dotson,PHI,WR
162,Taysom Hill,NO,TE
163,Ricky Pearsall,SF,WR
164,Antonio Gibson,NE,RB
165,Puka Nacua,LAR,WR
166,New England Patriots,DST,DST
167,Jaleel McLaughlin,DEN,RB
168,Will Reichard,MIN,K
169,Jakobi Meyers,LV,WR
170,New York Giants,DST,DST
171,J.K. Dobbins,LAC,RB
172,Khalil Herbert,CHI,RB
173,Xavier Legette,CAR,WR
174,Kyler Murray,ARI,QB
175,Elijah Mitchell,SF,RB
176,Romeo Doubs,GB,WR
177,Kyren Williams,LAR,RB
178,Ja'Lynn Polk,NE,WR
179,Las Vegas Raiders,DST,DST
180,Jaylen Wright,MIA,RB
181,Josh Downs,IND,WR
182,MarShawn Lloyd,GB,RB
183,Zach Charbonnet,SEA,RB
184,Deshaun Watson,CLE,QB
185,Jake Bates,DET,K
186,Gabe Davis,JAC,WR
187,Philadelphia Eagles,DST,DST
188,Chuba Hubbard,CAR,RB
189,Jerry Jeudy,CLE,WR
190,Matt Prater,ARI,K
191,Tampa Bay Buccaneers,DST,DST
192,Atlanta Falcons,DST,DST
193,Adonai Mitchell,IND,WR
194,Daniel Carlson,LV,K
195,Tyler Conklin,NYJ,TE
196,Ty Chandler,MIN,RB
197,Kimani Vidal,LAC,RB
198,Tyler Allgeier,ATL,RB
199,Detroit Lions,DST,DST
200,Mike Williams,NYJ,WR
201,Joshua Palmer,LAC,WR
202,Geno Smith,SEA,QB
203,Ben Sinnott,WAS,TE
204,Luke Musgrave,GB,TE
205,Cairo Santos,CHI,K
206,Jason Myers,SEA,K
207,Seattle Seahawks,DST,DST
208,Houston Texans,DST,DST
209,Dustin Hopkins,CLE,K
210,Hunter Henry,NE,TE
