Player,Team,Position,Roster Status,GP*,Bye,Fan Pts,Pre-Season,Actual,% Ros,Yds,TD,Int,Att*,Yds_2,TD_2,Rec,Yds_3,TD_3,Tgt*,TD_4,2PT,Lost
Ja'Marr Chase,Cin,WR,FA,16,10,248.50,1,1,100%,0,0,0,4.0,21.8,0.1,108,1368,9.2,159,0,0.7,0.8
Bijan Robinson,Atl,RB,FA,15,5,266.07,2,2,100%,0,0,0,261,1220,10.0,57.1,436,2.2,66.5,0,0.8,1.4
Saquon Barkley,Phi,RB,FA,15,9,248.33,3,3,100%,0,0,0,283,1378,9.2,35.9,280,2.0,46.1,0,0.2,1.6
Jahmyr Gibbs,Det,RB,FA,15,8,245.37,4,4,100%,0,0,0,214,1053,9.4,53.8,436,2.4,66.2,0,0.8,1.3
CeeDee Lamb,Dal,WR,FA,16,10,228.98,5,5,100%,0,0,0,12.7,81.0,0.5,103,1234,7.2,145,0,0.7,0.7
Justin Jefferson,Min,WR,FA,16,6,231.32,6,6,100%,0,0,0,0.8,4.6,0.1,98.3,1317,8.3,151,0,0.6,0.7
Nico Collins,,,Love Thy Nabers,15,6,205.72,7,7,100%,0,0,0,0.7,3.4,0.1,85.4,1168,7.6,131,0,0.6,0.7
Amon-Ra St. Brown,Det,WR,FA,16,8,204.89,8,8,100%,0,0,0,2.4,12.6,0,98.0,1112,7.2,127,0,0.6,0.7
Christian McCaffrey,SF,RB,FA,14,14,237.24,9,9,100%,0,0,0,223,994,8.3,55.4,452,2.9,67.8,0,0.3,1.6
Malik Nabers,NYG,WR,FA,16,14,226.47,10,10,100%,0,0,0,5.0,27.2,0.1,102,1251,8.0,153,0,0.2,0.7
Derrick Henry,Bal,RB,FA,15,7,236.01,11,11,100%,0,0,0,266,1328,12.8,16.5,136,1.0,20.6,0,0.8,1.5
Drake London,Atl,WR,FA,16,5,224.44,12,12,100%,0,0,0,1.0,6.3,0.0,98.1,1252,8.3,146,0,0.7,0.7
Brian Thomas Jr.,,,Couch Potatoes,16,8,208.84,13,13,100%,0,0,0,4.7,27.6,0.1,88.1,1174,7.3,140,0,0.6,0.7
Ashton Jeanty,LV,RB,FA,15,8,238.29,14,14,100%,0,0,0,255,1114,8.7,51.6,379,2.1,62.3,0,0.8,1.6
Josh Jacobs,GB,RB,FA,15,5,217.31,15,15,100%,0,0,0,246,1080,9.6,35.1,271,1.3,44.1,0,0.8,1.4
Puka Nacua,,,Pukachu,15,8,214.69,16,16,100%,0,0,0,12.1,63.6,0.8,94.0,1198,6.2,143,0,0.6,0.8
Bucky Irving,,,Yard Sale…”Everything Must Go”,15,9,228.26,17,17,100%,0,0,0,233,1091,9.1,43.3,333,2.0,52.5,0,0.3,1.4
A.J. Brown,Phi,WR,FA,16,9,187.64,18,18,100%,0,0,0,0.3,1.4,0,78.6,1111,6.2,126,0,0.6,0.7
Jonathan Taylor,Ind,RB,FA,15,11,213.45,19,19,100%,0,0,0,273,1214,8.8,28.2,208,1.0,38.7,0,0.8,1.5
De'Von Achane,,,All Aboard the Achane,15,12,238.54,20,20,100%,0,0,0,199,930,8.5,63.2,475,3.0,76.0,0,0.4,1.4
Chase Brown,,,Couch Potatoes,15,10,217.98,21,21,100%,0,0,0,224,945,8.3,51.1,364,2.1,61.7,0,0.9,1.5
Ladd McConkey,,,Pukachu,16,12,187.50,22,22,100%,0,0,0,1,5.7,0,86.2,1068,6.2,127,0,0.6,0.7
Brock Bowers,,,Let's Ride,16,8,185.92,23,23,100%,0,0,0,3.4,13.4,0.0,96.7,1019,5.7,129,0,0.6,0.7
Trey McBride,Ari,TE,FA,16,8,190.28,24,24,100%,0,0,0,0.3,1,0,101,1010,6.5,134,0,0.7,0.7
George Kittle,SF,TE,FA,15,14,161.44,25,25,100%,0,0,0,0.2,0.8,0,68.6,898,6.4,95.4,0,0.1,0.7
Lamar Jackson,Bal,QB,FA,16,7,366.47,26,26,100%,3445,25.0,8.8,131,741,4.6,0,0,0,0,0,1.0,3.6
Kyren Williams,,,Kyrenning Up That Hill,15,8,205.35,27,27,100%,0,0,0,247,1057,10.0,28.5,186,1.4,35.4,0,0.8,1.4
Josh Allen,Buf,QB,FA,16,7,359.01,28,28,100%,3452,23.9,10.2,101,495,8.5,0,0,0,0,0,1.6,2.9
Tee Higgins,Cin,WR,FA,15,10,185.49,29,29,100%,0,0,0,0.5,2.4,0,81.4,1030,6.9,123,0,0.6,0.7
Jayden Daniels,,,Pukachu,16,12,375.01,30,30,100%,3601,24.0,10.4,137,749,6.0,0,0,0,0,0,1.3,2.6
Omarion Hampton,LAC,RB,FA,15,12,195.45,31,31,99%,0,0,0,219,943,8.2,36.1,264,1.5,46.9,0,0.8,1.5
Mike Evans,TB,WR,FA,15,9,171.32,32,32,100%,0,0,0,0.0,0.1,0,69.6,949,7.0,117,0,0.6,0.7
Jaxon Smith-Njigba,,,Kyrenning Up That Hill,16,8,180.51,33,33,100%,0,0,0,6.6,34.0,0.1,83.8,982,6.1,125,0,0.6,0.7
James Cook,Buf,RB,FA,15,7,191.80,34,34,100%,0,0,0,213,980,7.4,30.9,246,1.7,39.5,0,0.7,1.4
Jalen Hurts,Phi,QB,FA,16,9,350.51,35,35,100%,3232,20.2,9.2,139,584,10.6,0,0,0,0,0,1.1,2.8
Terry McLaurin,Was,WR,FA,16,12,169.43,36,36,99%,0,0,0,1.5,10.6,0.0,72.3,950,6.2,110,0,0.6,0.6
Marvin Harrison Jr.,Ari,WR,FA,16,8,182.66,37,37,99%,0,0,0,1.3,6.8,0.1,75.4,1036,6.7,126,0,0.6,0.6
Kenneth Walker III,,,Purdy Fly For A Najee Warrior,15,8,192.85,38,38,99%,0,0,0,218,942,7.1,39.1,285,1.8,47.8,0,0.3,1.4
Garrett Wilson,,,The Mostert Mash,16,9,176.94,39,39,99%,0,0,0,4.6,25.5,0.1,82.1,998,5.5,130,0,0.6,0.7
Chuba Hubbard,,,Wherefore Art Thou Ws?,15,14,194.07,40,40,99%,0,0,0,233,1028,7.4,36,224,1.3,44.2,0,0.8,1.5
Alvin Kamara,NO,RB,FA,14,11,195.18,41,41,99%,0,0,0,201,845,5.1,58.6,419,1.9,80.1,0,0.2,1.5
Tyreek Hill,Mia,WR,FA,16,12,188.62,42,42,99%,0,0,0,6.8,45.1,0.1,80.3,1030,6.7,126,0,0.6,0.7
Davante Adams,LAR,WR,FA,16,8,176.61,43,43,99%,0,0,0,0,0,0,76.2,952,7.2,129,0,0.7,0.6
James Conner,Ari,RB,FA,15,8,199.86,44,44,98%,0,0,0,208,941,8.1,38.6,289,1.7,47.0,0,0.9,1.5
DeVonta Smith,Phi,WR,FA,16,9,154.08,45,45,98%,0,0,0,0.7,3.1,0,72.7,857,5.5,109,0,0.1,0.7
TreVeyon Henderson,NE,RB,FA,16,14,185.69,46,46,97%,0,0,0,199,872,6.5,40.4,303,1.9,53,0,0,1
George Pickens,Dal,WR,FA,16,10,173.09,47,47,98%,0,0,0,2.3,13.8,0.0,69.2,985,6.4,111,0,0.6,0.7
Jaylen Waddle,Mia,WR,FA,16,12,152.29,48,48,97%,0,0,0,4.3,27.1,0.2,69.2,875,4.6,99.7,0,0.1,0.6
DK Metcalf,Pit,WR,FA,16,5,158.03,49,49,98%,0,0,0,0.3,2,0,65.5,922,5.7,126,0,0.1,0.7
Breece Hall,NYJ,RB,FA,15,9,187.86,50,50,98%,0,0,0,214,921,5.3,42.9,336,1.9,56.5,0,0.2,1.5
Xavier Worthy,,,Let's Ride,16,10,161.25,51,51,98%,0,0,0,15.8,92.7,1.2,64.3,781,6.0,103,0,0.1,0.7
Zay Flowers,Bal,WR,FA,16,7,156.70,52,52,97%,0,0,0,8.0,44.8,0.2,68.5,897,4.8,106,0,0.1,0.7
Joe Burrow,Cin,QB,FA,16,10,343.74,53,53,100%,4282,28.2,11.5,43.8,166,2.2,0,0,0,0,0,1.1,2.8
Tony Pollard,Ten,RB,FA,15,10,178.09,54,54,97%,0,0,0,213,912,6.3,38.0,255,1.0,51.9,0,0.3,1.0
Tetairoa McMillan,Car,WR,FA,16,14,173.52,55,55,96%,0,0,0,3.0,16.2,0,77.9,970,6.3,132,0,0,1
RJ Harvey,Den,RB,FA,15,12,175.41,56,56,96%,0,0,0,184,786,6.1,40.6,296,1.8,51.3,0,0.3,0.5
Jameson Williams,,,Greg & Gus Drive the Bus,16,8,166.90,57,57,96%,0,0,0,10.2,50.7,0.6,64.4,939,5.5,102,0,0.1,0.7
Calvin Ridley,,,The Hoodie,16,10,159.94,58,58,95%,0,0,0,6.2,34.6,0.1,64.6,913,5.6,118,0,0.1,0.7
Courtland Sutton,,,Kirk’s Cousin's,16,12,163.10,59,59,97%,0,0,0,0,0,0,67.8,900,6.6,116,0,0.6,0.7
DJ Moore,Chi,WR,FA,16,5,170.55,60,60,97%,0,0,0,10.9,49.2,0.2,77.7,908,5.8,123,0,0.7,0.8
David Montgomery,Det,RB,FA,15,8,161.76,61,61,97%,0,0,0,171,735,7.5,30.9,231,1.0,37.3,0,0.2,0.8
Travis Hunter,Jax,WR,FA,16,8,155.35,62,62,89%,0,0,0,5.4,28.4,0.1,68.6,837,5.7,112,0,0.1,0.2
Rome Odunze,Chi,WR,FA,16,5,146.98,63,63,93%,0,0,0,2.3,12.1,0.0,61.3,812,5.8,108,0,0.1,0.7
D'Andre Swift,Chi,RB,FA,15,5,160.51,64,64,95%,0,0,0,197,814,5.9,32.0,232,0.8,42.7,0,0.7,0.9
Isiah Pacheco,KC,RB,FA,15,10,155.19,65,65,96%,0,0,0,180,763,6.0,30.7,210,1.1,37.7,0,0.7,0.8
Chris Olave,NO,WR,FA,15,11,155.88,66,66,93%,0,0,0,0.3,1.7,0,72.0,908,5.0,124,0,0.1,0.7
Tyrone Tracy Jr.,NYG,RB,FA,15,14,154.41,67,67,93%,0,0,0,177,754,4.8,34.4,249,1.3,44.1,0.1,0.7,0.9
Sam LaPorta,Det,TE,FA,16,8,138.05,68,68,100%,0,0,0,0,0,0,67.8,727,5.4,91.2,0,0.1,0.6
Ricky Pearsall,,,The Hoodie,16,14,136.08,69,69,92%,0,0,0,6.0,33.1,0.1,58.0,756,4.8,86.9,0,0.1,0.6
Aaron Jones Sr.,Min,RB,FA,15,6,160.69,70,70,95%,0,0,0,168,735,4.6,39.0,288,2.2,48.6,0,0.7,1.4
Jordan Mason,Min,RB,FA,16,6,143.42,71,71,91%,0,0,0,174,775,6.0,20.5,146,0.9,26.3,0,0.2,0.3
Emeka Egbuka,TB,WR,FA,16,9,136.69,72,72,91%,0,0,0,2.7,15.4,0,62.2,768,4.9,106,0,0,1
T.J. Hockenson,,,All Aboard the Achane,16,6,124.21,73,73,99%,0,0,0,0,0,0,67.8,682,3.9,97.4,0,0.1,0.6
Rashee Rice,,,Kirk’s Cousin's,11,10,148.38,74,74,91%,0,0,0,1.6,8.3,0.0,71.0,812,5.2,96.4,0,0.6,0.7
Jaylen Warren,Pit,RB,FA,16,5,145.94,75,75,92%,0,0,0,156,657,4.3,38.8,281,1.4,52.7,0,0.2,0.9
Patrick Mahomes,KC,QB,FA,16,10,339.91,76,76,100%,3970,27.3,11.9,60.1,296,2.2,0,0,0,0,0,1.0,2.0
Stefon Diggs,NE,WR,FA,15,14,138.21,77,77,91%,0,0,0,1.3,7.0,0.1,67.6,752,4.9,101,0,0.1,0.7
Zach Charbonnet,Sea,RB,FA,16,8,131.07,78,78,87%,0,0,0,136,587,4.7,33.6,241,0.7,43.8,0,0.2,0.8
Mark Andrews,Bal,TE,FA,16,7,125.67,79,79,99%,0,0,0,4.4,14.3,0.1,54.1,629,5.6,75.1,0,0.6,0.7
J.K. Dobbins,Den,RB,FA,14,12,130.94,80,80,88%,0,0,0,138,590,4.7,31.5,214,1.5,42.2,0,0.1,1.3
Jerry Jeudy,Cle,WR,FA,16,9,150.57,81,81,92%,0,0,0,1.3,7.4,0,70.2,897,4.2,121,0,0.6,0.6
Travis Kelce,KC,TE,FA,16,10,127.53,82,82,99%,0,0,0,0.3,0.3,0,69.3,664,4.6,101,0,0.1,0.7
Bo Nix,Den,QB,FA,16,12,313.97,83,83,98%,3439,23.1,11.0,80.8,377,4.1,0,0,0,0,0,1.1,2.4
Jordan Addison,Min,WR,FA,13,6,129.41,84,84,86%,0,0,0,1.7,9.1,0.0,55.6,720,4.9,86.2,0,0.1,0.6
Tucker Kraft,GB,TE,FA,16,5,112.32,85,85,95%,0,0,0,1.1,4.9,0.0,55.0,606,4.1,80.3,0,0.1,0.7
Brock Purdy,SF,QB,FA,16,14,331.18,86,86,97%,3948,24.7,11.5,61.8,272,3.8,0,0,0,0,0,1.0,1.9
Jakobi Meyers,LV,WR,FA,16,8,152.37,87,87,91%,4.7,0,0,2.3,14.1,0.0,74.1,864,4.7,108,0,0.1,0.7
Dak Prescott,Dal,QB,FA,16,10,304.34,88,88,94%,4026,24.3,12.9,41.8,150,1.9,0,0,0,0,0,1.0,2.9
Braelon Allen,NYJ,RB,FA,16,9,95.57,89,89,69%,0,0,0,111,480,3.4,18.8,140,0.7,25.6,0,0.1,0.3
Baker Mayfield,TB,QB,FA,16,9,315.82,90,90,98%,3736,25.5,11.6,55.1,253,2.6,0,0,0,0,0,1.0,3.0
Matthew Golden,GB,WR,FA,16,5,145.07,91,91,89%,0,0,0,2,12,0,62,822,5.1,108,0,0,0
Evan Engram,Den,TE,FA,15,12,112.58,92,92,95%,0,0,0,1.8,7.1,0.1,66.2,592,3.4,94.3,0,0.1,0.7
Jauan Jennings,SF,WR,FA,14,14,139.16,93,93,85%,0,0,0,0.3,1.7,0,61.9,801,4.9,94.2,0,0.1,0.7
Deebo Samuel,Was,WR,FA,15,12,149.38,94,94,92%,0,0,0,33.6,155,1.2,58.3,731,4.3,94.8,0,0.2,0.9
Kaleb Johnson,Pit,RB,FA,16,5,165.27,95,95,92%,0,0,0,215,889,7.7,21.1,150,0.8,32,0,1,1
Travis Etienne Jr.,Jax,RB,FA,15,8,130.62,96,96,88%,0,0,0,131,544,3.7,36.8,271,1.6,47.2,0,0.2,0.8
David Njoku,Cle,TE,FA,15,9,117.97,97,97,96%,0,0,0,0,0,0,64.4,612,4.3,102,0,0.1,0.7
Kyler Murray,,,Couch Potatoes,16,8,323.81,98,98,95%,3542,22.6,11.0,83.0,457,4.3,0,0,0,0,0,1.2,2.7
Drake Maye,NE,QB,FA,16,14,304.34,99,99,85%,3390,22.1,12.2,79.8,436,3.6,0,0,0,0,0,1.1,3.3
Jacory Croskey-Merritt,Was,RB,FA,16,12,91.75,100,100,75%,0,0,0,110,478,3.6,15.4,108,0.7,20,0,0,0
Tank Bigsby,Jax,RB,FA,16,8,106.71,101,101,80%,0,0,0,139,595,5.0,14.2,100,0.2,19.0,0,0.2,0.8
Justin Fields,,,The Talented(ish) Mr. Ridley,15,9,299.29,102,102,83%,2946,17.0,10.8,138,700,6.2,0,0,0,0,0,1.1,4.3
Caleb Williams,Chi,QB,FA,16,5,293.05,103,103,80%,3392,22.0,11.1,69.8,350,2.8,0,0,0,0,0,1.1,3.2
Austin Ekeler,Was,RB,FA,15,12,113.83,104,104,70%,0,0,0,86.4,375,2.9,36.3,290,1.6,47.8,0.6,0.1,0.8
Justin Herbert,LAC,QB,FA,16,12,307.88,105,105,87%,3710,23.6,10.0,60.8,240,2.7,0,0,0,0,0,1.1,2.1
Khalil Shakir,Buf,WR,FA,16,7,136.51,106,106,79%,0,0,0,2.0,12.7,0.0,69.2,767,4.2,96.0,0,0.1,0.7
Josh Downs,,,Yard Sale…”Everything Must Go”,16,11,140.74,107,107,72%,0,0,0,1.8,9.4,0.0,72.3,785,4.4,106,0,0.1,0.7
Rashid Shaheed,NO,WR,FA,15,11,126.05,108,108,70%,0,0,0,7.0,42.6,0.2,48.3,678,4.2,92.1,0.8,0.1,0.6
Bhayshul Tuten,Jax,RB,FA,16,8,95.10,109,109,58%,0,0,0,108,461,3.2,21.0,151,0.7,28,0,0,0
Jayden Reed,GB,WR,FA,13,5,112.27,110,110,75%,0,0,0,12.5,68.6,0.8,45.4,566,3.6,63.4,0.2,0.1,0.6
Jordan Love,GB,QB,FA,16,5,289.38,111,111,79%,3696,23.8,11.5,36.0,143,1.7,0,0,0,0,0,1.0,2.4
Javonte Williams,Dal,RB,FA,16,10,121.46,112,112,75%,0,0,0,132,527,4.6,31.5,209,0.8,39.9,0,0.2,0.3
Jared Goff,Det,QB,FA,16,8,304.13,113,113,86%,4127,25.7,12.3,31.3,78.7,0.9,0,0,0,0,0,1,3
Michael Pittman Jr.,Ind,WR,FA,15,11,140.25,114,114,76%,0,0,0,0.3,1.7,0,71.2,802,4.2,108,0,0.1,0.7
Jake Ferguson,Dal,TE,FA,16,10,105.37,115,115,85%,0,0,0,0,0,0,60.9,567,3.2,81.3,0,0.1,0.6
Rhamondre Stevenson,NE,RB,FA,15,14,125.43,116,116,75%,0,0,0,146,616,5.4,21.7,146,1.3,28.1,0,0.2,0.9
Tyler Warren,Ind,TE,FA,16,11,121.68,117,117,91%,0,0,0,4.6,21.6,0.1,59.7,607,5.1,86,0,0,1
Dallas Goedert,Phi,TE,FA,15,9,110.27,118,118,81%,0,0,0,1.5,7.4,0.1,57.0,595,3.7,84.7,0,0.1,0.7
Dylan Sampson,Cle,RB,FA,16,9,94.74,119,119,47%,0,0,0,112,463,3.3,20.3,141,0.7,27,0,0,0
Dalton Kincaid,Buf,TE,FA,16,7,103.24,120,120,83%,0,0,0,0,0,0,53.1,556,3.7,79.4,0,0.1,0.6
Cooper Kupp,Sea,WR,FA,15,8,124.04,121,121,85%,0,0,0,1.6,8.3,0,61.4,685,4.2,96.2,0,0.1,0.6
Keon Coleman,Buf,WR,FA,16,7,119.43,122,122,65%,0,0,0,1.1,5.5,0.0,45.7,668,5.0,80.1,0,0.1,0.6
Jerome Ford,Cle,RB,FA,16,9,97.23,123,123,45%,0,0,0,106,443,2.6,29.1,201,0.7,39.5,0,0.2,0.8
Rachaad White,TB,RB,FA,14,9,105.66,124,124,44%,0,0,0,100,426,3.4,28.2,212,1.4,34.8,0,0.2,0.8
J.J. McCarthy,Min,QB,FA,16,6,309.53,125,125,69%,3802,23.8,12.8,62.8,275,2.7,0,0,0,0,0,1.0,2.8
Rashod Bateman,Bal,WR,FA,16,7,105.89,126,126,46%,0,0,0,0.4,1.7,0,42.7,602,4.0,66.9,0,0.1,0.1
Chris Godwin Jr.,TB,WR,FA,13,9,118.34,127,127,70%,0,0,0,1.1,5.5,0,57.6,661,4.0,83.9,0,0.1,0.6
Colston Loveland,Chi,TE,FA,16,5,100.39,128,128,79%,0,0,0,0,0,0,52.6,539,3.5,77.7,0,0.1,0.6
C.J. Stroud,Hou,QB,FA,16,6,293.65,129,129,72%,3744,23.3,11.0,46.9,194,1.6,0,0,0,0,0,1.0,2.5
Darnell Mooney,,,Kirk’s Cousin's,16,5,130.75,130,130,50%,0,0,0,0.8,4.2,0.0,57.7,783,4.0,91.7,0,0.1,0.6
Tyjae Spears,Ten,RB,FA,11,10,96.03,131,131,36%,0,0,0,90.4,382,2.9,29.0,210,1.1,35.1,0,0.1,0.7
Trevor Lawrence,Jax,QB,FA,16,8,304.42,132,132,51%,3769,23.6,12.2,55.5,237,2.9,0,0,0,0,0,1.1,3.3
Christian Kirk,Hou,WR,FA,16,6,107.39,133,133,42%,0,0,0,1.0,4.5,0.1,49.8,620,3.5,80.9,0,0.1,0.6
Hunter Henry,NE,TE,FA,16,14,96.32,134,134,59%,0,0,0,0,0,0,49.4,508,3.8,77,0,0,1
Cam Skattebo,NYG,RB,FA,16,14,122.13,135,135,73%,0,0,0,133,559,4.1,28.3,206,1.1,32,0,1,1
Bryce Young,Car,QB,FA,16,14,279.73,136,136,27%,3358,21.3,11.3,50.5,258,3.1,0,0,0,0,0,1.0,3.1
Trey Benson,Ari,RB,FA,16,8,105.89,137,137,38%,0,0,0,130,564,3.6,19.7,145,0.8,23.9,0,0.1,0.8
Ray Davis,Buf,RB,FA,16,7,99.20,138,138,35%,0,0,0,123,536,4.0,14.8,113,0.7,20.8,0,0.1,0.8
Nick Chubb,Hou,RB,FA,15,6,99.89,139,139,64%,0,0,0,128,527,4.8,11.9,88.0,0.6,17.9,0,0.2,0.4
Keenan Allen,LAC,WR,FA,15,12,111.69,140,140,49%,0,0,0,0.3,2,0,54.9,607,4.1,87.1,0,0.1,0.6
Brandon Aiyuk,SF,WR,FA,12,14,95.38,141,141,51%,0,0,0,0.4,2.4,0.1,39.2,560,3.4,64.0,0,0.0,0.6
Michael Penix Jr.,Atl,QB,FA,16,5,281.43,142,142,33%,3688,22.3,12.1,43.2,162,1.9,0,0,0,0,0,1.0,2.5
Jaydon Blue,Dal,RB,FA,16,10,103.75,143,143,37%,0,0,0,114,481,3.3,24.7,178,1.0,30.4,0,0.1,0.3
Chig Okonkwo,Ten,TE,FA,16,10,97.12,144,144,31%,0,0,0,0.7,4.1,0.0,52.7,521,3.2,78.6,0,0.1,0.6
Geno Smith,LV,QB,FA,16,8,283.45,145,145,22%,3750,21.1,11.5,49.4,208,2.0,0,0,0,0,0,1.0,2.6
Tyler Allgeier,Atl,RB,FA,16,5,107.77,146,146,33%,0,0,0,139,613,4.2,14.9,110,0.7,18.2,0,0.2,0.8
Brian Robinson Jr.,SF,RB,FA,16,14,105.16,147,147,66%,0,0,0,130,561,4.5,15.1,115,0.9,15.4,0,0.1,1.3
Jayden Higgins,Hou,WR,FA,16,6,104.53,148,148,39%,0,0,0,0.5,2.8,0.0,47.0,577,3.9,76.0,0,0.1,0.1
Cedric Tillman,Cle,WR,FA,16,9,104.59,149,149,24%,0,0,0,1.0,5.6,0.0,47.5,600,3.4,84.1,0,0.1,0.1
Joshua Palmer,Buf,WR,FA,16,7,106.47,150,150,24%,0,0,0,0,0,0,43.9,592,4.2,72.8,0,0.1,0.1
Matthew Stafford,LAR,QB,FA,15,8,262.40,151,151,27%,3602,22.1,11.5,27.7,54.9,0.9,0,0,0,0,0,0.9,2.0
Tua Tagovailoa,Mia,QB,FA,15,12,271.51,152,152,25%,3735,22.7,12.0,29.2,87.2,0.8,0,0,0,0,0,1.0,2.7
Zach Ertz,Was,TE,FA,16,12,96.22,153,153,54%,0,0,0,0,0,0,50.0,468,4.1,70.4,0,0.1,0.1
Marvin Mims Jr.,,,Yard Sale…”Everything Must Go”,16,12,117.11,154,154,41%,0,0,0,14.6,70.9,0.4,46.6,574,3.9,73.2,0.8,0.1,0.7
Najee Harris,LAC,RB,FA,14,12,101.05,155,155,45%,0,0,0,122,504,3.9,20.3,143,0.7,28.7,0,0.2,0.8
DeMario Douglas,NE,WR,FA,16,14,96.97,156,156,16%,0,0,0,4.8,25.1,0.1,49.9,529,2.7,74.1,0,0.0,0.1
Rico Dowdle,Car,RB,FA,16,14,93.02,157,157,21%,0,0,0,95.1,403,2.7,25.2,178,1.1,36.1,0.1,0.1,0.8
Kyle Pitts Sr.,Atl,TE,FA,16,5,104.79,159,159,67%,0,0,0,0,0,0,47.8,577,3.9,68.7,0,0.1,0.1
Jonnu Smith,Pit,TE,FA,16,5,83.59,160,160,35%,0,0,0,2.5,9.9,0.1,45.4,452,2.6,70.7,0,0.1,0.6
Joe Mixon,Hou,RB,FA,10,6,126.21,161,161,74%,0,0,0,137,574,5.5,21.9,181,1.1,26.6,0,0.7,0.8
Luther Burden III,Chi,WR,FA,16,5,102.52,162,162,25%,0,0,0,7.0,38.6,0.6,46.6,527,3.5,70,0,0,1
Brenton Strange,Jax,TE,FA,16,8,94.13,163,163,22%,0,0,0,0,0,0,51.3,500,3.1,73.1,0,0.1,0.1
Chris Rodriguez Jr.,Was,RB,FA,12,12,42.88,164,164,6%,0,0,0,44.7,194,2.0,8.3,61.7,0.2,12.0,0,0.1,0.1
Will Shipley,Phi,RB,FA,16,9,68.07,167,167,12%,0,0,0,77.5,340,2.3,13.0,96.2,0.6,16.1,0.1,0.1,0.2
Wan'Dale Robinson,NYG,WR,FA,16,14,112.13,168,168,18%,0,0,0,3.8,22.1,0.1,63.0,587,3.4,96.3,0,0.2,0.7
Xavier Legette,Car,WR,FA,16,14,102.58,170,170,16%,0,0,0,5.7,29.4,0.1,46.9,557,3.5,87.9,0,0.1,0.6
Roschon Johnson,Chi,RB,FA,16,5,76.94,171,171,7%,0,0,0,73.3,307,3.3,19.0,129,0.7,27.2,0,0.2,0.2
Hollywood Brown,KC,WR,FA,15,10,96.36,174,174,17%,0,0,0,0,0,0,43.4,543,3.4,73.8,0,0.1,0.1
Quinshon Judkins,Cle,RB,FA,13,9,120.12,175,175,50%,0,0,0,154,635,4.9,19.3,137,0.9,20,0,0,1
Ollie Gordon II,Mia,RB,FA,12,12,54.98,176,176,34%,0,0,0,69.6,290,2.9,8.5,59.1,0.1,12,0,0,1
Cam Ward,Ten,QB,FA,16,10,272.98,177,177,26%,3464,20.1,13.8,67.1,292,3.0,0,0,0,0,0,1,4
Romeo Doubs,GB,WR,FA,16,5,99.68,178,178,14%,0,0,0,0,0,0,45.1,563,3.6,76.1,0,0.1,0.6
Blake Corum,LAR,RB,FA,16,8,58.97,179,179,10%,0,0,0,75.0,314,2.5,10.5,73.5,0.2,12.8,0,0.1,0.7
Isaac Guerendo,SF,RB,FA,15,14,59.54,180,180,14%,0,0,0,74.9,328,2.5,8.4,63.8,0.1,9.5,0.1,0.0,0.1
Woody Marks,Hou,RB,FA,15,6,57.31,182,182,9%,0,0,0,52.9,220,1.3,18.8,134,0.8,25,0,0,0
Jalen Coker,Car,WR,FA,11,14,77.43,183,183,8%,0,0,0,0.7,2.7,0,35.6,428,2.8,54.8,0,0.1,0.1
Kyle Monangai,Chi,RB,FA,12,5,69.10,184,184,5%,0,0,0,88.3,365,3.6,8.6,58.6,0.1,10,0,0,0
Tre' Harris,LAC,WR,FA,16,12,98.16,185,185,11%,0,0,0,0.5,2.5,0,44.3,572,3.4,77,0,0,1
Jaylen Wright,Mia,RB,FA,16,12,71.05,189,189,9%,0,0,0,77.5,333,2.6,15.9,110,0.8,20.7,0,0.1,0.6
Adam Thielen,Min,WR,FA,15,6,85.48,191,191,28%,0,0,0,0.3,1,0,43.7,473,2.9,60.4,0,0.0,0.6
Kyle Williams,NE,WR,FA,16,14,87.11,192,192,11%,0,0,0,2.5,11.2,0,37.9,493,3.0,58,0,0,0
Tory Horton,Sea,WR,FA,12,8,69.77,195,195,3%,0,0,0,1.5,7.5,0,32.2,394,2.3,68,0,0,0
Aaron Rodgers,Pit,QB,FA,16,5,215.34,198,198,14%,2955,17.6,9.5,26.0,79.4,0.8,0,0,0,0,0,0.9,2.2
Jarquez Hunter,LAR,RB,FA,12,8,45.72,199,199,2%,0,0,0,60.1,250,2.0,8.5,57.9,0.1,8,0,0,1
Theo Johnson,NYG,TE,FA,16,14,82.42,200,200,7%,0,0,0,0,0,0,44.5,455,2.5,62.0,0,0.0,0.1
DJ Giddens,Ind,RB,FA,16,11,60.57,202,202,3%,0,0,0,67.8,289,2.1,14.8,105,0.2,19,0,0,0
Tahj Brooks,Cin,RB,FA,16,10,49.33,204,204,2%,0,0,0,62.1,253,2.1,10.3,73.0,0.2,11,0,0,1
Keaton Mitchell,Bal,RB,FA,15,7,60.34,205,205,3%,0,0,0,64.8,294,2.2,10.9,83.2,0.7,14.9,0,0.1,0.2
Sean Tucker,TB,RB,FA,16,9,58.51,206,206,3%,0,0,0,60.4,265,1.9,10.5,79.1,0.5,15.2,1.1,0.1,1.2
MarShawn Lloyd,GB,RB,FA,12,5,45.53,207,207,3%,0,0,0,46.6,194,1.5,11.9,86.5,0.4,12.8,0,0.1,0.2
Pat Bryant,Den,WR,FA,12,12,64.68,208,208,4%,0,0,0,0,0,0,31.3,349,2.4,53,0,0,0
Elic Ayomanor,Ten,WR,FA,12,10,71.50,209,209,3%,0,0,0,1,5.7,0,33.3,409,2.2,56.7,0,0.0,0.1
Alec Pierce,Ind,WR,FA,16,11,87.72,210,210,5%,0,0,0,0.4,1.7,0,33.7,511,3.3,60.2,0,0.1,0.1
Dont'e Thornton Jr.,LV,WR,FA,16,8,79.51,211,211,9%,0,0,0,0.3,2,0,35.7,447,2.8,56.1,0,0.1,0.1
Jalen Royals,KC,WR,FA,14,10,51.93,213,213,2%,0,0,0,0.5,2.5,0,25.9,277,1.8,35,0,0,0
Miles Sanders,Dal,RB,FA,8,10,59.13,215,215,2%,0,0,0,72.3,302,2.2,12.0,78.9,0.3,16.0,0,0.1,0.2
Isaac TeSlaa,Det,WR,FA,16,8,65.45,216,216,9%,0,0,0,0,0,0,30.2,370,2.2,60,0,0,0
Mason Taylor,NYJ,TE,FA,16,9,94.55,219,219,12%,0,0,0,0,0,0,50.5,513,3.0,78,0,0,0
Sam Darnold,Sea,QB,FA,15,8,259.75,222,222,14%,3394,20.1,11.8,49.0,196,1.9,0,0,0,0,0,1.0,2.8
Kenneth Gainwell,Pit,RB,FA,16,5,48.79,223,223,1%,0,0,0,46.5,190,1.7,13.0,92.9,0.7,21.2,0.1,0.1,0.7
Darren Waller,Mia,TE,FA,15,12,87.70,225,225,12%,0,0,0,0,0,0,44.8,487,2.8,68.0,0,0.1,0.1
Kendre Miller,NO,RB,FA,14,11,75.30,227,227,3%,0,0,0,87.9,376,2.9,14.9,111,0.3,22.3,0,0.2,0.3
Pat Freiermuth,Pit,TE,FA,16,5,79.36,228,228,12%,0,0,0,0,0,0,44.0,421,2.7,67.2,0,0.1,0.6
Dameon Pierce,Hou,RB,FA,12,6,34.00,229,229,4%,0,0,0,47.9,199,1.2,6.1,44.7,0.1,10.4,0.1,0.0,1.1
Dalton Schultz,Hou,TE,FA,16,6,74.76,230,230,5%,0,0,0,0,0,0,40.6,409,2.4,62.3,0,0.0,0.6
Ja'Tavion Sanders,Car,TE,FA,16,14,79.31,231,231,2%,0,0,0,0,0,0,43.1,424,2.6,62.3,0,0.0,0.1
Brashard Smith,KC,RB,FA,12,10,52.41,232,232,2%,0,0,0,46.4,200,1.3,16.8,120,0.7,22,0,0,0
Mike Gesicki,Cin,TE,FA,16,10,85.34,233,233,7%,0,0,0,0,0,0,46.2,450,2.9,63.7,0,0.0,0.1
Elijah Arroyo,Sea,TE,FA,16,8,81.09,235,235,6%,0,0,0,0,0,0,41.9,438,2.7,59.8,0,0.1,0.1
Quentin Johnston,LAC,WR,FA,16,12,71.09,236,236,5%,0,0,0,2.2,11.4,0.0,30.3,382,2.9,47.4,0,0.1,0.6
Roman Wilson,Pit,WR,FA,16,5,55.61,237,237,2%,0,0,0,0,0,0,24.8,311,2.0,46.5,0,0.0,0.1
Troy Franklin,Den,WR,FA,16,12,64.33,238,238,2%,0,0,0,1.1,6.1,0.0,28.0,353,2.4,55.5,0,0.1,0.1
Michael Wilson,Ari,WR,FA,16,8,85.97,241,241,2%,0,0,0,0.8,3.8,0.0,39.6,468,3.2,61.0,0,0.1,0.1
Isaiah Likely,Bal,TE,FA,14,7,80.38,242,242,14%,0,0,0,0,0,0,35.9,418,3.6,48.8,0,0.1,0.6
DeAndre Hopkins,Bal,WR,FA,15,7,72.64,243,243,9%,0,0,0,0,0,0,32.3,393,2.9,48.8,0,0.0,0.1
Daniel Jones,Ind,QB,FA,10,11,148.43,245,245,5%,1550,9.3,5.5,64.2,304,2.7,0,0,0,0,0,0.5,3.1
Adonai Mitchell,Ind,WR,FA,16,11,68.22,247,247,2%,0,0,0,2.6,14.0,0.0,29.4,381,2.3,49.8,0,0.1,0.1
Jaylin Noel,Hou,WR,FA,16,6,64.10,248,248,1%,0,0,0,1.3,8.7,0,30.8,352,2.1,47.0,0,0.0,0.1
Malik Washington,Mia,WR,FA,16,12,64.66,249,249,2%,0,0,0,4.5,24.2,0.1,30.7,327,1.7,48.9,0.8,0.0,0.6
Amari Cooper,LV,WR,FA,15,8,63.88,250,250,16%,0,0,0,0,0,0,28.8,388,1.8,48.2,0,0.0,0.1
Harold Fannin Jr.,Cle,TE,FA,16,9,58.09,251,251,1%,0,0,0,0,0,0,31.3,319,1.8,49.4,0,0.0,0.1
KeAndre Lambert-Smith,LAC,WR,FA,16,12,30.07,252,252,1%,0,0,0,0.3,2,0,13.3,172,1.0,21.1,0,0.0,0.0
Dyami Brown,Jax,WR,FA,16,8,78.37,254,254,1%,0,0,0,0.9,5.7,0.0,35.8,435,2.7,57.8,0,0.1,0.1
Jordan James,SF,RB,FA,8,14,19.84,255,255,0%,0,0,0,22.1,95.6,0.8,4.2,29.0,0.1,1,0,0,0
Darius Slayton,NYG,WR,FA,16,14,89.12,256,256,2%,0,0,0,0.6,3.0,0,37.7,524,2.9,65.2,0,0.1,0.1
Cade Otton,TB,TE,FA,16,9,83.39,258,258,7%,0,0,0,0.0,0.1,0.0,42.2,423,3.3,63.7,0,0.1,0.1
Kareem Hunt,KC,RB,FA,15,10,89.04,261,261,17%,0,0,0,95.3,384,3.7,18.0,129,1.1,27.4,0,0.2,0.3
Tyler Higbee,LAR,TE,FA,15,8,70.00,262,262,2%,0,0,0,0,0,0,37.3,350,2.7,56.2,0,0.1,0.1
Ty Johnson,Buf,RB,FA,16,7,46.45,263,263,1%,0,0,0,39.4,170,0.9,12.7,114,1.1,19.6,0,0.1,0.1
Juwan Johnson,NO,TE,FA,16,11,80.25,264,264,1%,0,0,0,0,0,0,42.7,432,2.6,66.4,0,0.1,0.1
Jack Bech,LV,WR,FA,16,8,64.67,265,265,4%,0,0,0,0.5,2.5,0,31.7,343,2.4,40,0,0,0
Devaughn Vele,NO,WR,FA,16,11,48.51,266,266,1%,0,0,0,0.3,1.7,0,24.4,272,1.5,39.9,0,0.0,0.0
Jaxson Dart,NYG,QB,FA,4,14,150.24,267,267,6%,1925,11.2,8.2,33.0,142,1.7,0,0,0,0,0,0.3,1.2
Andrei Iosivas,Cin,WR,FA,16,10,76.24,268,268,1%,0,0,0,0,0,0,34.0,406,3.1,56.2,0,0.1,0.1
Kayshon Boutte,NE,WR,FA,16,14,54.06,269,269,1%,0,0,0,0.3,2,0,24.3,312,1.8,46.2,0,0.0,0.1
Chris Brooks,GB,RB,FA,8,5,37.10,270,270,0%,0,0,0,43.0,183,1.5,7.0,50.9,0.2,10.6,0,0.1,0.2
Justice Hill,Bal,RB,FA,16,7,66.97,272,272,3%,0,0,0,34.8,157,1.0,28.0,218,1.7,38.2,0.1,0.1,0.7
Trevor Etienne,Car,RB,FA,12,14,31.17,273,273,1%,0,0,0,38.2,163,1.0,7.2,50.0,0.1,9,0,0,0
Devin Neal,NO,RB,FA,16,11,49.64,274,274,1%,0,0,0,56.1,234,1.6,10.9,77.8,0.6,20,0,0,0
Devin Singletary,NYG,RB,FA,16,14,37.76,275,275,1%,0,0,0,48.3,200,1.1,9.5,64.7,0.1,12.7,0,0.0,0.1
Dontayvion Wicks,GB,WR,FA,16,5,51.53,276,276,1%,0,0,0,0.3,1.7,0,22.1,288,1.9,38.9,0,0.0,0.1
Jordan Whittington,LAR,WR,FA,16,8,62.22,277,277,1%,0,0,0,2.7,15.2,0.0,29.4,338,1.9,50.9,0.1,0.0,0.1
Calvin Austin III,Pit,WR,FA,16,5,63.43,279,279,1%,0,0,0,1.9,8.9,0.1,29.7,356,1.8,56.0,0.2,0.0,0.1
Josh Reynolds,NYJ,WR,FA,0,9,73.79,282,282,0%,0,0,0,0.3,1.2,0,32.4,416,2.7,60.7,0,0.1,0.1
Jaleel McLaughlin,Den,RB,FA,16,12,29.76,283,283,1%,0,0,0,34.2,146,0.7,9.2,57.3,0.3,12.0,0,0.0,0.6
Ray-Ray McCloud III,Atl,WR,FA,16,5,67.57,284,284,1%,0,0,0,6.4,34.8,0.1,34.7,360,1.9,54.8,0,0.1,0.6
Cole Kmet,Chi,TE,FA,16,5,54.98,286,286,2%,0,0,0,0.4,1.4,0.0,29.7,284,2.1,40.2,0,0.0,0.6
Terrance Ferguson,LAR,TE,FA,16,8,46.35,287,287,1%,0,0,0,0,0,0,23.8,242,1.7,32.9,0,0.0,0.1
Russell Wilson,NYG,QB,FA,11,14,124.83,288,288,5%,1525,8.7,4.6,34.4,144,1.4,0,0,0,0,0,0.8,1.8
Anthony Richardson Sr.,Ind,QB,FA,7,11,194.95,289,289,4%,2045,12.3,8.4,69.7,355,3.5,0,0,0,0,0,1.2,1.4
Noah Gray,KC,TE,FA,16,10,61.05,290,290,1%,0,0,0,0.6,1.5,0.0,30.8,312,2.4,46.1,0,0.0,0.1
Raheem Mostert,LV,RB,FA,12,8,43.97,291,291,3%,0,0,0,55.4,233,1.6,8.6,60.7,0.1,11.2,0,0.1,0.2
Tyler Lockett,Ten,WR,FA,16,10,74.22,292,292,4%,0,0,0,0.3,1.2,0,36.5,406,2.5,60.3,0,0.1,0.1
Tyler Conklin,LAC,TE,FA,16,12,51.33,293,293,1%,0,0,0,0,0,0,27.7,264,1.9,40.0,0,0.0,0.1
Spencer Rattler,NO,QB,FA,10,11,96.42,294,294,2%,1257,6.9,5.0,29.2,137,0.7,0,0,0,0,0,0.8,2.1
Elijah Mitchell,KC,RB,FA,12,10,26.46,295,295,1%,0,0,0,27.9,118,1.1,5.9,40.2,0.2,6.5,0,0.0,0.1
George Holani,Sea,RB,FA,8,8,23.92,296,296,0%,0,0,0,32.5,136,0.9,3.5,25.7,0.1,4.5,0,0.0,0.1
Isaiah Davis,NYJ,RB,FA,16,9,35.38,297,297,0%,0,0,0,35.6,154,0.8,10.2,78.9,0.3,13.9,0,0.1,0.1
Zamir White,LV,RB,FA,8,8,34.10,299,299,1%,0,0,0,47.7,184,1.1,7.2,51.9,0.1,11.9,0,0.1,0.2
Antonio Gibson,NE,RB,FA,16,14,32.69,300,300,1%,0,0,0,33.3,140,0.7,10.6,78.8,0.1,16.1,0.1,0.0,0.1
Noah Brown,Was,WR,FA,16,12,64.43,304,304,0%,0,0,0,0,0,0,30.0,376,2.0,53.7,0,0.1,0.1
Jamari Thrash,Cle,WR,FA,0,9,42.44,305,305,0%,0,0,0,0,0,0,21.1,236,1.4,47.2,0,0.0,0.1
Oronde Gadsden,LAC,TE,FA,16,12,42.20,306,306,0%,0,0,0,0,0,0,21.6,219,1.6,29.2,0,0.0,0.0
Ben Sinnott,Was,TE,FA,16,12,40.00,307,307,0%,0,0,0,0.4,1.6,0,20.6,199,1.6,24.3,0,0.0,0.0
AJ Barner,Sea,TE,FA,16,8,53.04,308,308,0%,0,0,0,0,0,0,28.7,275,1.9,45.0,0,0.1,0.1
Michael Mayer,LV,TE,FA,16,8,56.66,309,309,0%,0,0,0,0,0,0,30.1,294,2.0,45.4,0,0.1,0.1
Tyler Shough,NO,QB,FA,7,11,154.75,310,310,2%,2068,11.8,8.4,33.0,137,1.1,0,0,0,0,0,0.8,1.8
KaVontae Turpin,Dal,WR,FA,16,10,79.29,311,311,3%,0,0,0,14.9,80.7,0.5,29.6,356,2.4,48.4,0.8,0.1,0.7
Tre Tucker,LV,WR,FA,16,8,51.05,312,312,1%,0,0,0,7.4,39.6,0.2,21.7,263,1.2,33.7,0.3,0.0,0.1
Emanuel Wilson,GB,RB,FA,16,5,38.75,313,313,1%,0,0,0,42.6,185,1.1,9.7,69.3,0.5,14.2,0,0.0,0.6
Jalen McMillan,TB,WR,FA,8,9,50.00,314,314,5%,0,0,0,3.4,18.4,0.1,21.6,268,1.8,24.6,0,0.0,0.5
Brandin Cooks,NO,WR,FA,15,11,43.20,315,315,1%,0,0,0,0.3,1.1,0,20.3,240,1.5,35.4,0,0.0,0.0
Christian Watson,GB,WR,FA,10,5,40.95,316,316,4%,0,0,0,0.8,4.8,0.0,15.3,238,1.5,30.5,0,0.0,0.0
Jermaine Burton,Cin,WR,FA,16,10,36.93,317,317,0%,0,0,0,0.3,2,0,14.9,193,1.7,22.4,0,0.0,0.0
Joe Flacco,Cle,QB,FA,10,9,173.46,318,318,4%,2562,14.5,10.2,16.4,40.2,0.7,0,0,0,0,0,0.3,2.4
Tutu Atwell,LAR,WR,FA,16,8,70.87,319,319,1%,0,0,0,2.9,16.4,0.0,33.1,411,1.9,56.4,0,0.0,0.1
Parker Washington,Jax,WR,FA,16,8,50.36,320,320,0%,0,0,0,1,5.7,0,23.8,262,1.7,40.0,0.3,0.0,0.1
Nick Westbrook-Ikhine,Mia,WR,FA,16,12,66.91,321,321,1%,0,0,0,0.3,1.7,0,27.8,369,2.7,49.8,0,0.1,0.1
Jaylin Lane,Was,WR,FA,16,12,48.13,322,322,0%,0,0,0,1.8,9.4,0,23.4,261,1.6,40,0,0,0
Arian Smith,NYJ,WR,FA,12,9,25.83,323,323,0%,0,0,0,0.7,3.7,0,11.7,148,0.8,29.3,0,0.0,0.0
Will Dissly,LAC,TE,FA,16,12,45.30,324,324,0%,0,0,0,0,0,0,24.6,233,1.6,34.4,0,0.0,0.1
Elijah Moore,Buf,WR,FA,12,7,31.49,325,325,1%,0,0,0,1.6,7.7,0,15.7,168,1.0,21.1,0,0.0,0.0
Greg Dulcich,Mia,TE,FA,8,12,9.50,326,326,0%,0,0,0,0,0,0,5.9,54.9,0.2,3,0,0,0
Jahan Dotson,Phi,WR,FA,16,9,37.25,327,327,1%,0,0,0,0.6,4.1,0.0,17.2,202,1.3,33.0,0,0.0,0.0
Luke McCaffrey,Was,WR,FA,12,12,34.87,328,328,0%,0,0,0,0.3,1.7,0,17.7,188,1.2,27.2,0,0.0,0.1
Zay Jones,Ari,WR,FA,8,8,36.35,329,329,0%,0,0,0,0.7,3.7,0,17.1,200,1.2,29.6,0,0.0,0.1
Jalen Milroe,Sea,QB,FA,5,8,27.98,330,330,1%,212,1.4,1.0,16.4,80.4,0.9,0,0,0,0,0,0.6,0.7
Gunnar Helm,Ten,TE,FA,16,10,34.19,331,331,0%,0,0,0,0,0,0,19.6,183,1.0,28,0,0,0
Khalil Herbert,Ind,RB,FA,16,11,10.75,332,332,0%,0,0,0,12.6,54.5,0.2,3.4,20.7,0.1,1,0,0,0
LeQuint Allen Jr.,Jax,RB,FA,8,8,12.02,333,333,0%,0,0,0,7.9,33.2,0.5,4.3,30.6,0.1,4.2,0,0.0,0.0
Jalen Tolbert,Dal,WR,FA,16,10,61.66,334,334,0%,0,0,0,0,0,0,27.9,332,2.4,46.9,0,0.1,0.1
Phil Mafah,Dal,RB,FA,8,10,24.90,335,335,0%,0,0,0,31.9,130,1.0,4.1,31.3,0.1,4,0,0,0
Ty Chandler,Min,RB,FA,16,6,18.31,336,336,0%,0,0,0,19.5,82.5,0.5,5.5,40.1,0.1,7.9,0,0.0,0.0
Kalel Mullings,Ten,RB,FA,12,10,23.15,337,337,0%,0,0,0,26.2,109,0.8,5.2,39.0,0.2,6.6,0,0.0,0.1
Dillon Gabriel,Cle,QB,FA,3,9,19.10,338,338,1%,320,1.5,1.5,7.0,23.0,0,0,0,0,0,0,0,1
Hassan Haskins,LAC,RB,FA,16,12,22.85,339,339,0%,0,0,0,25.1,102,0.9,5.5,38.9,0.1,9.0,0,0.1,0.1
Craig Reynolds,Det,RB,FA,16,8,13.55,340,340,0%,0,0,0,17.5,71.3,0.4,3.2,24.7,0.1,4.5,0,0.0,0.1
A.J. Dillon,Phi,RB,FA,15,9,28.88,341,341,1%,0,0,0,36.9,152,1.1,5.0,36.9,0.2,6.3,0,0.0,0.1
M. Valdes-Scantling,SF,WR,FA,16,14,23.54,342,342,0%,0,0,0,0.5,1,0,9.2,140,0.8,14,0,0,0
Dawson Knox,Buf,TE,FA,16,7,42.44,343,343,1%,0,0,0,0,0,0,19.6,216,1.8,31.8,0,0.0,0.1
